,ds,y,yhat,yhat_lower,yhat_upper
0,2024-01-02,4742.830078125,4456.716133655209,4295.096395250828,4617.841854446829
1,2024-01-03,4704.81005859375,4459.241438146778,4303.430067838513,4606.991497567298
2,2024-01-04,4688.68017578125,4461.313614943601,4301.645544089262,4609.006714398915
3,2024-01-05,4697.240234375,4464.22660661517,4312.727833557855,4620.008653804625
4,2024-01-08,4763.5400390625,4469.659617334959,4314.605783719951,4624.250713662447
5,2024-01-09,4756.5,4471.016327842012,4316.429702910298,4635.094469964807
6,2024-01-10,4783.4501953125,4472.527763590212,4329.031262977008,4633.43326267148
7,2024-01-11,4780.240234375,4473.6780734020185,4315.028640225723,4630.714434369834
8,2024-01-12,4783.830078125,4475.784451183572,4327.419693830571,4647.763611200571
9,2024-01-16,4765.97998046875,4480.868509515964,4322.796643079189,4633.866661210572
10,2024-01-17,4739.2099609375,4482.39541652952,4330.529091185701,4635.035878159912
11,2024-01-18,4780.93994140625,4483.748684247196,4321.4703475131655,4650.498509306916
12,2024-01-19,4839.81005859375,4486.243386001759,4327.736469022848,4649.871967971256
13,2024-01-22,4850.43017578125,4492.332105608576,4330.182456809097,4656.528372644378
14,2024-01-23,4864.60009765625,4494.542957933296,4341.38116494038,4643.613493229649
15,2024-01-24,4868.5498046875,4497.206953073046,4337.705116523613,4659.522672809566
16,2024-01-25,4894.16015625,4499.785689526672,4347.775318255248,4658.228407858436
17,2024-01-26,4890.97021484375,4503.56703037222,4345.326234060074,4667.623212170144
18,2024-01-29,4927.93017578125,4513.585968092311,4344.963694129103,4695.206316794806
19,2024-01-30,4924.97021484375,4517.027426495873,4347.302367683356,4681.161667093131
20,2024-01-31,4845.64990234375,4520.831007923791,4356.355380853164,4695.091097405378
21,2024-02-01,4906.18994140625,4524.428917246726,4357.640849381563,4691.9343708331835
22,2024-02-02,4958.60986328125,4529.081354566455,4362.609242419958,4695.129880776617
23,2024-02-05,4942.81005859375,4540.585213634363,4364.4728207584,4696.622424206235
24,2024-02-06,4954.22998046875,4544.080858589712,4379.201768138039,4715.352998290348
25,2024-02-07,4995.06005859375,4547.6947799101,4379.199353123405,4720.0694015488725
26,2024-02-08,4997.91015625,4550.850970703016,4384.09257844267,4728.2905972375
27,2024-02-09,5026.60986328125,4554.805537560538,4385.888365827438,4738.323624788206
28,2024-02-12,5021.83984375,4562.700160609753,4396.346000635785,4737.027539712919
29,2024-02-13,4953.169921875,4564.514805577009,4392.220777069181,4753.939888277779
30,2024-02-14,5000.6201171875,4566.231906232392,4390.681660833533,4739.434224570625
31,2024-02-15,5029.72998046875,4567.294504370807,4383.188153095489,4732.942648651445
32,2024-02-16,5005.56982421875,4568.98074413249,4393.484481761614,4743.876545204446
33,2024-02-20,4975.509765625,4568.392568901572,4386.483492632506,4754.556177578943
34,2024-02-21,4981.7998046875,4567.374657468961,4395.887367337847,4739.517952993327
35,2024-02-22,5087.02978515625,4565.699461240771,4399.633661524918,4753.012327502181
36,2024-02-23,5088.7998046875,4564.6762764212,4380.183277835557,4754.376811396949
37,2024-02-26,5069.52978515625,4557.31886559001,4368.43314964533,4745.469038850893
38,2024-02-27,5078.18017578125,4554.133254660952,4370.683791501167,4752.601109027605
39,2024-02-28,5069.759765625,4550.986023842791,4358.5561852050005,4748.27088985081
40,2024-02-29,5096.27001953125,4547.374515528735,4355.731725414305,4744.585763682836
41,2024-03-01,5137.080078125,4544.62880482852,4362.397842692156,4735.39083091027
42,2024-03-04,5130.9501953125,4533.5555621771,4328.866779583791,4721.517205134568
43,2024-03-05,5078.64990234375,4529.657804602311,4326.960161618204,4731.784752446021
44,2024-03-06,5104.759765625,4526.0757607219775,4344.602088214187,4734.0145476168955
45,2024-03-07,5157.35986328125,4522.310853417524,4336.260760926727,4726.477173927547
46,2024-03-08,5123.68994140625,4519.694319524535,4318.725003058653,4723.612391708613
47,2024-03-11,5117.93994140625,4510.672761735044,4313.9136732104525,4722.4702772494375
48,2024-03-12,5175.27001953125,4507.989352676326,4324.701838234979,4726.682842128416
49,2024-03-13,5165.31005859375,4505.8681539559475,4296.1936356160995,4721.315537039925
50,2024-03-14,5150.47998046875,4503.795624278465,4282.803603388025,4711.927180779645
51,2024-03-15,5117.08984375,4503.085732347077,4309.04914327442,4708.33974535007
52,2024-03-18,5149.419921875,4500.865583105012,4296.529875569906,4742.734291187112
53,2024-03-19,5178.509765625,4500.732457242274,4271.399367645921,4735.537648466713
54,2024-03-20,5224.6201171875,4501.260425991111,4286.589549036975,4733.725780325616
55,2024-03-21,5241.52978515625,4501.908347917185,4284.835473489228,4727.414503087808
56,2024-03-22,5234.18017578125,4503.961576283618,4278.269155359019,4723.8882887920145
57,2024-03-25,5218.18994140625,4509.990594669269,4284.668321207817,4731.436803312709
58,2024-03-26,5203.580078125,4512.493581618109,4286.387508833829,4771.785077693612
59,2024-03-27,5248.490234375,4515.551021911856,4277.404363337114,4743.226755095043
60,2024-03-28,5254.35009765625,4518.592677766478,4284.139839219248,4750.860727185712
61,2024-04-01,5243.77001953125,4534.352142171103,4316.378116007118,4772.908326310289
62,2024-04-02,5205.81005859375,4538.180002130436,4300.288546579071,4784.739553220821
63,2024-04-03,5211.490234375,4542.284432947103,4306.572995584826,4794.385823939328
64,2024-04-04,5147.2099609375,4546.079976796516,4317.057854121807,4812.740713913798
65,2024-04-05,5204.33984375,4550.8118876067765,4307.330584542675,4790.859164220014
66,2024-04-08,5202.39013671875,4561.737643974358,4313.497687215139,4834.189215920445
67,2024-04-09,5209.91015625,4564.746666376598,4322.588081931579,4851.5228199748435
68,2024-04-10,5160.64013671875,4567.723144728545,4313.6980195705155,4841.129913119368
69,2024-04-11,5199.06005859375,4570.092886363387,4331.6385048147085,4837.3976239280955
70,2024-04-12,5123.41015625,4573.116480569742,4321.225713508113,4847.48079397975
71,2024-04-15,5061.81982421875,4577.434068792006,4338.348634172376,4847.971284740396
72,2024-04-16,5051.41015625,4577.8346467589345,4332.522841209435,4873.533117376485
73,2024-04-17,5022.2099609375,4578.052176636266,4312.804265929463,4879.246938129621
74,2024-04-18,5011.1201171875,4577.547910167921,4290.775898702973,4864.294730795553
75,2024-04-19,4967.22998046875,4577.6199458386645,4307.060649816267,4892.623103632684
76,2024-04-22,5010.60009765625,4573.012673671622,4293.679827207331,4862.713191603168
77,2024-04-23,5070.5498046875,4570.549315737064,4304.1177909912485,4880.373990765565
78,2024-04-24,5071.6298828125,4568.0248875894495,4291.571609195397,4896.297678568582
79,2024-04-25,5048.419921875,4564.938798001051,4261.79131147238,4904.1383243268965
80,2024-04-26,5099.9599609375,4562.62530488536,4269.166426990902,4872.335182714527
81,2024-04-29,5116.169921875,4552.358848218946,4263.828927525514,4873.350791698947
82,2024-04-30,5035.68994140625,4548.59714058047,4258.746296444831,4868.6719683955525
83,2024-05-01,5018.39013671875,4545.102434975078,4229.331039867762,4874.744744685011
84,2024-05-02,5064.2001953125,4541.3875467545995,4233.911051731323,4882.1376607445345
85,2024-05-03,5127.7900390625,4538.795072856376,4228.980026388582,4890.296547166106
86,2024-05-06,5180.740234375,4529.7950188711775,4213.088647355394,4867.531323908811
87,2024-05-07,5187.7001953125,4527.131554262434,4220.243745358372,4892.244275369821
88,2024-05-08,5187.669921875,4525.047729529891,4193.059585604259,4890.045392484395
89,2024-05-09,5214.080078125,4523.033804645477,4204.301960922723,4901.274758581774
90,2024-05-10,5222.68017578125,4522.40540236333,4174.327850787738,4923.373673250199
91,2024-05-13,5221.419921875,4520.549604137875,4190.024724276894,4879.738525097667
92,2024-05-14,5246.68017578125,4520.560814018268,4170.026539464837,4913.414616789168
93,2024-05-15,5308.14990234375,4521.230744801459,4173.896407025664,4921.774992330463
94,2024-05-16,5297.10009765625,4522.007200683534,4172.562484750985,4917.846556446682
95,2024-05-17,5303.27001953125,4524.163023445284,4155.3572179518105,4965.673679936244
96,2024-05-20,5308.1298828125,4530.204850304673,4141.934490418598,4941.770757652949
97,2024-05-21,5321.41015625,4532.565504603414,4139.580347940745,4967.0911275310755
98,2024-05-22,5307.009765625,4535.383831207922,4154.746890291027,4975.546117640397
99,2024-05-23,5267.83984375,4538.076874860115,4164.739882637128,4983.136251671833
100,2024-05-24,5304.72021484375,4541.890718417671,4141.045447640189,4963.719703966905
101,2024-05-28,5306.0400390625,4553.965582071926,4156.301005768745,4998.043486695472
102,2024-05-29,5266.9501953125,4556.912464213285,4137.127514503913,4997.064123065237
103,2024-05-30,5235.47998046875,4559.416687003021,4160.720577659763,5027.732877438599
104,2024-05-31,5277.509765625,4562.732694045617,4141.869219650243,5027.927075760089
105,2024-06-03,5283.39990234375,4568.8074273342,4151.236522624807,5055.291973891779
106,2024-06-04,5291.33984375,4570.062932065638,4154.4542354989035,5043.90439749667
107,2024-06-05,5354.02978515625,4571.257385504957,4096.316455564751,5054.466956364874
108,2024-06-06,5352.9599609375,4571.84421885045,4083.716248678717,5064.089942025843
109,2024-06-07,5346.990234375,4573.113575903776,4118.278894967822,5065.961878455647
110,2024-06-10,5360.7900390625,4572.654350478306,4097.519317855651,5079.0194847545745
111,2024-06-11,5375.31982421875,4571.731468402532,4125.398983958241,5097.39280185463
112,2024-06-12,5421.02978515625,4570.812430961852,4122.1590326134165,5109.4798448004785
113,2024-06-13,5433.740234375,4569.388174715075,4072.643681746485,5119.375139421872
114,2024-06-14,5431.60009765625,4568.784464160758,4067.0417205218832,5117.71180973579
115,2024-06-17,5473.22998046875,4563.85055347586,4081.2388373573153,5125.913917549646
116,2024-06-18,5487.02978515625,4561.906393557212,4049.1234603281846,5130.686712689395
117,2024-06-20,5473.169921875,4558.343990188788,4030.0439162892976,5154.015187252118
118,2024-06-21,5464.6201171875,4557.566160708914,4045.734830666726,5165.58161943508
119,2024-06-24,5447.8701171875,4553.892941400082,4055.8182634855084,5159.316778276613
120,2024-06-25,5469.2998046875,4552.946479367614,3987.7326578394,5141.535788291296
121,2024-06-26,5477.89990234375,4552.542074803419,4008.1949839323315,5146.246749673403
122,2024-06-27,5482.8701171875,4552.166017982882,3987.855441437665,5182.559369734238
123,2024-06-28,5460.47998046875,4553.130667542326,3998.5929893672896,5170.756027583415
124,2024-07-01,5475.08984375,4555.763245043785,4011.7035901969703,5238.036553059048
125,2024-07-02,5509.009765625,4557.169877857689,4003.4400906908254,5237.033585772682
126,2024-07-03,5537.02001953125,4559.184654914129,3990.7487445750394,5200.812896311587
127,2024-07-05,5567.18994140625,4564.658487461956,3944.8705641892248,5219.446863582649
128,2024-07-08,5572.85009765625,4574.167806932398,3953.1905464209526,5262.375701735463
129,2024-07-09,5576.97998046875,4577.601457334491,3943.1747167716703,5259.488500388856
130,2024-07-10,5633.91015625,4581.455731465308,4005.828790685277,5250.329409730474
131,2024-07-11,5584.5400390625,4585.150379652965,3952.585502129868,5277.419679055661
132,2024-07-12,5615.35009765625,4589.934130144594,3978.3126737585226,5268.049188816419
133,2024-07-15,5631.22021484375,4601.942765608847,3967.720663747549,5300.656857623229
134,2024-07-16,5667.2001953125,4605.618369798363,3962.884951610744,5337.091549439501
135,2024-07-17,5588.27001953125,4609.40931371455,3936.0696125581794,5322.651000364606
136,2024-07-18,5544.58984375,4612.736769643314,3958.428641839072,5315.859714703624
137,2024-07-19,5505.0,4616.855712943523,3951.4300533195824,5354.891521593792
138,2024-07-22,5564.41015625,4625.216111100733,3961.3783480060715,5321.850954800737
139,2024-07-23,5555.740234375,4627.189716006067,3931.4560635448015,5396.022386796316
140,2024-07-24,5427.1298828125,4629.077849445445,3953.6712365816506,5363.673372183439
141,2024-07-25,5399.22021484375,4630.331729188162,3932.4224107445334,5386.582367755334
142,2024-07-26,5459.10009765625,4632.23881603282,3930.9807075451668,5389.570056806427
143,2024-07-29,5463.5400390625,4633.48282763065,3925.3558039134573,5415.420894049952
144,2024-07-30,5436.43994140625,4633.043843025293,3930.9175020920306,5427.99837685549
145,2024-07-31,5522.2998046875,4632.558511634224,3899.8618549360526,5447.410598325305
146,2024-08-01,5446.68017578125,4631.511946147197,3885.878036671829,5449.089933496474
147,2024-08-02,5346.56005859375,4631.223461791772,3891.7828722699983,5489.953167564465
148,2024-08-05,5186.330078125,4626.7857552474,3894.352314086637,5421.999735675408
149,2024-08-06,5240.02978515625,4624.828623199673,3843.2723313408046,5457.689493548031
150,2024-08-07,5199.5,4623.03969333964,3859.8689707455887,5389.591538407537
151,2024-08-08,5319.31005859375,4620.913196226773,3814.5060441910205,5444.350297341464
152,2024-08-09,5344.16015625,4619.772702505239,3837.408154768458,5475.402152689654
153,2024-08-12,5344.39013671875,4614.115388729991,3791.3365080144713,5481.733677363526
154,2024-08-13,5434.43017578125,4612.162953055244,3805.985741083929,5484.804393424101
155,2024-08-14,5455.2099609375,4610.556080685884,3800.60883974136,5504.532010290474
156,2024-08-15,5543.22021484375,4608.76611196629,3770.1632511324556,5508.392993085948
157,2024-08-16,5554.25,4608.090425283616,3720.0737977434987,5540.788977354541
158,2024-08-19,5608.25,4604.298117672669,3779.8357619466947,5514.339132109532
159,2024-08-20,5597.1201171875,4603.016757326564,3740.2596184654176,5508.6325262865685
160,2024-08-21,5620.85009765625,4602.050543332319,3749.7727736271913,5518.199508627414
161,2024-08-22,5570.64013671875,4600.8384512729135,3723.5365314140304,5537.854181403525
162,2024-08-23,5634.60986328125,4600.646991845619,3733.8766430171086,5519.193015568648
163,2024-08-26,5616.83984375,4597.473708588121,3707.930273169776,5569.688617096543
164,2024-08-27,5625.7998046875,4596.0468739595335,3699.644861207378,5542.890204098372
165,2024-08-28,5592.18017578125,4594.732499870011,3704.565352444906,5597.554256357702
166,2024-08-29,5591.9599609375,4592.960487963049,3653.0694412455073,5627.780357460683
167,2024-08-30,5648.39990234375,4591.993343333732,3710.6629094593313,5593.386115837764
168,2024-09-03,5528.93017578125,4582.235241981484,3635.8187214303803,5562.508467368346
169,2024-09-04,5520.06982421875,4579.187694649452,3623.0054041392605,5602.187389044819
170,2024-09-05,5503.41015625,4575.549523896327,3628.320101156173,5650.656410545656
171,2024-09-06,5408.419921875,4572.612560682181,3601.4904004287714,5607.7888701117345
172,2024-09-09,5471.0498046875,4559.661338857238,3610.4445932130116,5614.775780068061
173,2024-09-10,5495.52001953125,4554.621873799878,3591.324596360173,5573.693853741893
174,2024-09-11,5554.1298828125,4549.612846278563,3573.6868839997774,5596.121292387671
175,2024-09-12,5595.759765625,4544.127200457699,3535.552317522249,5616.009552693733
176,2024-09-13,5626.02001953125,4539.492885747627,3542.0282229154227,5602.743242015245
177,2024-09-16,5633.08984375,4522.675356180202,3486.5592468350305,5621.180353747301
178,2024-09-17,5634.580078125,4516.84723172082,3480.5272647826687,5627.494161411644
179,2024-09-18,5618.259765625,4511.334927138996,3466.105005926313,5639.756856410112
180,2024-09-19,5713.64013671875,4505.645354231891,3469.1713782242186,5598.0292942429705
181,2024-09-20,5702.5498046875,4501.11516035512,3451.31928044891,5623.829266543123
182,2024-09-23,5718.56982421875,4486.463491619195,3440.768974318078,5648.0862381792585
183,2024-09-24,5732.93017578125,4481.949848326499,3402.4309031818134,5606.494076170297
184,2024-09-25,5722.259765625,4478.022776655728,3438.051042802764,5602.385270050322
185,2024-09-26,5745.3701171875,4474.16687896422,3377.3184708279837,5631.188845027323
186,2024-09-27,5738.169921875,4471.692492695013,3375.4882539665236,5661.233629335738
187,2024-09-30,5762.47998046875,4464.230919657129,3328.80895124936,5636.588186149003
188,2024-10-01,5708.75,4462.34072561321,3348.3538536362375,5631.617547886304
189,2024-10-02,5709.5400390625,4461.090668191356,3304.9596531437487,5703.752622755399
190,2024-10-03,5699.93994140625,4459.9294542274965,3342.5068947167783,5635.197146928119
191,2024-10-04,5751.06982421875,4460.13259774074,3319.405484772227,5669.608155322779
192,2024-10-07,5695.93994140625,4460.283502238499,3302.672525108162,5704.30590839209
193,2024-10-08,5751.1298828125,4460.699802869362,3308.8220376020963,5695.636687925697
194,2024-10-09,5792.0400390625,4461.604484236288,3253.8467849280905,5735.369984816656
195,2024-10-10,5780.0498046875,4462.430870397307,3215.4068679213465,5689.280633972988
196,2024-10-11,5815.02978515625,4464.443699450831,3268.405340859685,5775.919708631668
197,2024-10-14,5859.85009765625,4468.918896491241,3226.0764080592385,5768.469837590445
198,2024-10-15,5815.259765625,4470.4188214324195,3214.597248749535,5760.895047885687
199,2024-10-16,5842.47021484375,4472.2440554709165,3214.241931713955,5806.907039740708
200,2024-10-17,5841.47021484375,4473.843002311014,3210.0969965248414,5787.369684192916
201,2024-10-18,5864.669921875,4476.498511059285,3209.890869403062,5793.164969459314
202,2024-10-21,5853.97998046875,4482.336318644041,3159.5709528628736,5804.727153939152
203,2024-10-22,5851.2001953125,4484.1795272401905,3194.2653051035004,5780.843644187752
204,2024-10-23,5797.419921875,4486.3320783698855,3192.9813048068104,5780.478053632042
205,2024-10-24,5809.85986328125,4488.265055095812,3181.192609387553,5866.016687250623
206,2024-10-25,5808.1201171875,4491.282391165409,3191.9593254104684,5855.833899319026
207,2024-10-28,5823.52001953125,4498.547431198469,3120.924796353299,5858.604683468136
208,2024-10-29,5832.919921875,4501.023367690695,3196.649843944072,5871.579224161293
209,2024-10-30,5813.669921875,4503.899812806583,3157.372626736582,5924.631420977997
210,2024-10-31,5705.4501953125,4506.649680227173,3137.5545836869474,5935.4713824711025
211,2024-11-01,5728.7998046875,4510.574779499885,3116.5289388093634,5954.957974916942
212,2024-11-04,5712.68994140625,4521.030011546386,3123.783291081769,5977.945585097689
213,2024-11-05,5782.759765625,4524.681554190843,3128.8125466831743,6006.763864484247
214,2024-11-06,5929.0400390625,4528.7606407832,3118.853378599399,6001.336839155944
215,2024-11-07,5973.10009765625,4532.719339040236,3108.434483887521,6018.888756123456
216,2024-11-08,5995.5400390625,4537.837137373725,3136.6478262772894,6053.305589116987
217,2024-11-11,6001.35009765625,4551.5416913368945,3142.623929330346,6050.367280749112
218,2024-11-12,5983.990234375,4556.091083674235,3101.8072280793413,6103.521969431989
219,2024-11-13,5985.3798828125,4560.94064544595,3076.9382345599543,6059.94385813381
220,2024-11-14,5949.169921875,4565.524718660754,3071.9441588226327,6103.831156668591
221,2024-11-15,5870.6201171875,4571.107898441962,3121.7299955673716,6068.402863832369
222,2024-11-18,5893.6201171875,4585.150903717394,3093.894364036244,6126.891706325603
223,2024-11-19,5916.97998046875,4589.447098252427,3058.204892891652,6137.199078126807
224,2024-11-20,5917.10986328125,4593.8638543179095,3076.1492795108256,6125.460693640662
225,2024-11-21,5948.7099609375,4597.8436687173125,3096.0501883246893,6198.411090945178
226,2024-11-22,5969.33984375,4602.663194968026,3126.294842193607,6196.05588762932
227,2024-11-25,5987.3701171875,4613.631847078913,3067.8207006989655,6237.35200120325
228,2024-11-26,6021.6298828125,4616.71435100494,3071.2816066638848,6202.01875770933
229,2024-11-27,5998.740234375,4619.864553063883,3095.347299761009,6294.93077180559
230,2024-11-29,6032.3798828125,4626.0806100709215,3045.599041939499,6260.893987974353
231,2024-12-02,6047.14990234375,4633.45322076426,3032.014540995946,6251.764410472542
232,2024-12-03,6049.8798828125,4635.511260289301,3075.9827179863337,6286.590993527302
233,2024-12-04,6086.490234375,4637.759509507967,2998.376107324154,6350.923110474061
234,2024-12-05,6075.10986328125,4639.684213082915,3007.9615640126904,6326.050716466753
235,2024-12-06,6090.27001953125,4642.602626098053,3015.777006870688,6370.9353777655715
236,2024-12-09,6052.85009765625,4649.130719295667,2942.1287135395823,6410.534665316976
237,2024-12-10,6034.91015625,4651.238891520421,2995.4917981984477,6385.981506017694
238,2024-12-11,6084.18994140625,4653.694013024094,2996.964369729785,6431.380258145435
239,2024-12-12,6051.25,4655.9708519003825,2987.293036801158,6464.243120338562
240,2024-12-13,6051.08984375,4659.371548604318,2950.2200046116945,6454.465594447479
241,2024-12-16,6074.080078125,4667.930564559535,2966.9106772520468,6470.033543355089
242,2024-12-17,6050.60986328125,4670.833230049031,2946.0719404883453,6484.87909517837
243,2024-12-18,5872.16015625,4674.099330698333,2939.719221737507,6525.099293863013
244,2024-12-19,5867.080078125,4677.177419046241,2900.0891849781246,6496.294186015432
245,2024-12-20,5930.85009765625,4681.343790277997,2936.610615891811,6524.0627756919575
246,2024-12-23,5974.06982421875,4691.747191936389,2933.593005679864,6524.352989807946
247,2024-12-24,6040.0400390625,4695.044699866658,2931.1587292419213,6520.73794916121
248,2024-12-26,6037.58984375,4701.755411875333,2944.746784041254,6573.455461497527
249,2024-12-27,5970.83984375,4705.875027109979,2901.676091004071,6652.399130869537
250,2024-12-30,5906.93994140625,4715.193320456807,2891.5170300187187,6645.616519709854
251,2024-12-31,5881.6298828125,4717.831633201987,2880.6805092208892,6601.636036775487
252,2025-01-02,5868.5498046875,4722.850658439331,2874.9575980110735,6671.7901947163955
253,2025-01-03,5942.47021484375,4725.974342120739,2854.423448778045,6661.020540634988
254,2025-01-06,5975.3798828125,4731.978825350935,2945.2545161806897,6682.045248536792
255,2025-01-07,5909.02978515625,4733.490098805597,2862.3581294501723,6690.449641177476
256,2025-01-08,5918.25,4735.131172722377,2869.1259537909827,6673.940160831695
257,2025-01-10,5827.0400390625,4738.559332623006,2887.7320772770736,6758.784695780385
258,2025-01-13,5836.22021484375,4742.463260417222,2846.348882452337,6790.985388535184
259,2025-01-14,5842.91015625,4743.582789424647,2822.0327401680097,6708.496516993645
260,2025-01-15,5949.91015625,4745.008614792273,2805.632549059033,6789.694436562372
261,2025-01-16,5937.33984375,4746.229001785284,2843.7364285390236,6763.408828641722
262,2025-01-17,5996.66015625,4748.561668485267,2836.2084311514795,6790.887868682708
263,2025-01-21,6049.240234375,4755.997641282769,2817.937251211847,6768.932917872383
264,2025-01-22,6086.3701171875,4758.415565384913,2861.5701466789205,6790.579200574694
265,2025-01-23,6118.7099609375,4760.746967050276,2779.93193646844,6825.197323638422
266,2025-01-24,6101.240234375,4764.285472467454,2790.922217191343,6830.395065298726
267,2025-01-27,6012.27978515625,4773.660188916559,2756.8303989005017,6926.901124721909
268,2025-01-28,6067.7001953125,4776.933193898167,2758.772053299064,6908.308893834027
269,2025-01-29,6039.31005859375,4780.599737325503,2728.8180077226943,6903.286002523033
270,2025-01-30,6071.169921875,4784.096291212527,2779.5555468964144,6826.656183875127
271,2025-01-31,6040.52978515625,4788.686743267952,2778.563456921923,6960.36962552777
272,2025-02-03,5994.56982421875,4800.2677497971345,2753.362345405999,6968.338128487598
273,2025-02-04,6037.8798828125,4803.88213686267,2672.902684541453,6971.193657340179
274,2025-02-05,6061.47998046875,4807.662073604631,2799.158266047265,6951.9574628654145
275,2025-02-06,6083.56982421875,4811.030857625916,2668.53588066279,7015.233176417668
276,2025-02-07,6025.990234375,4815.243151792403,2705.428963257233,7014.575930486807
277,2025-02-10,6066.43994140625,4824.156843619106,2708.4814729234286,7009.141408139854
278,2025-02-11,6068.5,4826.381692242345,2756.6023653564166,7070.679900308981
279,2025-02-12,6051.97021484375,4828.5371771337595,2673.6382398391024,7039.188741368784
280,2025-02-13,6115.06982421875,4830.061434435409,2652.9684665501045,7085.1537032965625
281,2025-02-14,6114.6298828125,4832.227373440742,2725.845230792861,7059.708886274085
282,2025-02-18,6129.580078125,4833.626838013098,2562.4851409544544,7068.3700040790645
283,2025-02-19,6144.14990234375,4833.094599131719,2628.9544679295773,7107.861537921157
284,2025-02-20,6117.52001953125,4831.88942037219,2643.2303004291075,7106.510465135201
285,2025-02-21,6013.1298828125,4831.315331583622,2554.0465568511736,7118.880149322966
286,2025-02-24,5983.25,4825.131584239536,2618.7495980579524,7121.490087685517
287,2025-02-25,5955.25,4822.2651635921575,2552.8501055397765,7180.2735803796995
288,2025-02-26,5956.06005859375,4819.395111203169,2546.2593368563334,7115.127177009873
289,2025-02-27,5861.56982421875,4816.015886853546,2571.368994599034,7143.067085871483
290,2025-02-28,5954.5,4813.455191226978,2554.3524255726293,7143.725423122834
291,2025-03-03,5849.72021484375,4802.637508280569,2503.774759763282,7138.813679382893
292,2025-03-04,5778.14990234375,4798.722473036785,2445.579751471294,7228.476687272999
293,2025-03-05,5842.6298828125,4795.071921561258,2420.406479023643,7216.057169360364
294,2025-03-06,5738.52001953125,4791.188053774909,2543.654481192901,7173.221122061702
295,2025-03-07,5770.2001953125,4788.403383122431,2394.044876608697,7190.414112633691
296,2025-03-10,5614.56005859375,4778.60225068949,2387.7149254253377,7262.606569176286
297,2025-03-11,5572.06982421875,4775.576123920282,2430.433917162931,7197.705823978998
298,2025-03-12,5599.2998046875,4773.076241483207,2452.0186565050208,7248.011090214067
299,2025-03-13,5521.52001953125,4770.592904571101,2428.907241234592,7360.133700628732
300,2025-03-14,5638.93994140625,4769.444259707447,2377.677050425286,7256.063450641428
301,2025-03-17,5675.1201171875,4765.786295125645,2329.817402710764,7137.5299735066
302,2025-03-18,5614.66015625,4765.149944454438,2335.5900747216847,7273.049419808624
303,2025-03-19,5675.2900390625,4765.171452315758,2313.6291720798945,7274.2473823375085
304,2025-03-20,5662.89013671875,4765.315104579413,2215.47007427611,7315.999605761543
305,2025-03-21,5667.56005859375,4766.871737325728,2229.424596696354,7169.192777297232
306,2025-03-24,5767.56982421875,4771.511574152447,2248.133545776331,7355.547646345793
307,2025-03-25,5776.64990234375,4773.602742451652,2326.641893101216,7287.793066768427
308,2025-03-26,5712.2001953125,4776.282392515644,2182.2436103787386,7377.194054337686
309,2025-03-27,5693.31005859375,4778.98493578517,2237.8470776150657,7431.796055107514
310,2025-03-28,5580.93994140625,4782.971916272927,2264.767657306569,7394.757281484973
311,2025-03-31,5611.85009765625,4793.854192536292,2271.432227397528,7446.070362493059
312,2025-04-01,5633.06982421875,4797.5917211256365,2274.0565523410987,7415.611813476682
313,2025-04-02,5670.97021484375,4801.66298468136,2151.7080591448425,7436.007661667176
314,2025-04-03,5396.52001953125,4805.48353613568,2196.15131688754,7510.928633703927
315,2025-04-04,5074.080078125,4810.298935084385,2140.753397832719,7490.596595407588
316,2025-04-07,5062.25,4821.818033931881,2185.185959216188,7460.773334022697
317,2025-04-08,4982.77001953125,4825.132704146758,2266.8030387479916,7477.945210946665
318,2025-04-09,5456.89990234375,4828.463687665886,2248.970310495062,7524.3682867488415
319,2025-04-10,5268.0498046875,4831.232669554218,2233.7943114199065,7596.045967819157
320,2025-04-11,5363.35986328125,4834.695448813175,2133.7842410243325,7568.196912664624
321,2025-04-14,5405.97021484375,4840.513494534567,2122.8188398957163,7594.935818131044
322,2025-04-15,5396.6298828125,4841.453804692345,2170.0105908391315,7610.325437450394
323,2025-04-16,5275.7001953125,4842.219221279027,2185.3493750586213,7605.397656415679
324,2025-04-17,5282.7001953125,4842.263648983538,2143.8191543011726,7594.810084746237
325,2025-04-21,5158.2001953125,4839.7832129557155,2133.8100215798554,7632.91759051026
326,2025-04-22,5287.759765625,4837.7628395342745,2173.480148334577,7680.895397270835
327,2025-04-23,5375.85986328125,4835.639964655346,2110.10126428712,7682.341273577795
328,2025-04-24,5484.77001953125,4832.908297747579,2001.7136282423392,7645.609838126889
329,2025-04-25,5525.2099609375,4830.897054649178,1986.9913058492962,7685.161894530267
330,2025-04-28,5528.75,4821.185480309,2018.6547586937718,7683.076938403846
331,2025-04-29,5560.830078125,4817.482828674326,2006.9591241529074,7607.88112605052
332,2025-04-30,5569.06005859375,4813.982251946745,2000.9184028519817,7705.706656597119
333,2025-05-01,5604.14013671875,4810.196839593437,1982.7528975311352,7708.245462276693
334,2025-05-02,5686.669921875,4807.470444895059,1978.5812130486306,7684.238400832672
335,2025-05-05,5650.3798828125,4797.715114417109,1910.4812920385714,7823.254941529137
336,2025-05-06,5606.91015625,4794.695481573488,1914.3329329471594,7779.790150336252
337,2025-05-07,5631.27978515625,4792.212016426018,1868.64940453303,7744.579668012095
338,2025-05-08,5663.93994140625,4789.761259144038,1880.983177925969,7785.211706948566
339,2025-05-09,5659.91015625,4788.6656701021875,1811.4466772282146,7788.543258454571
340,2025-05-12,5844.18994140625,4785.300541797413,1903.6540946071707,7758.907857741778
341,2025-05-13,5886.5498046875,4784.798642811678,1865.8711568476208,7800.758651105476
342,2025-05-14,5892.580078125,4784.963552363327,1882.5816700204136,7853.205280082113
343,2025-05-15,5916.93017578125,4785.250732574646,1876.7428489333183,7853.677926289777
344,2025-05-16,5958.3798828125,4786.940377913942,1729.5706503748463,7797.707760801721
345,2025-05-19,5963.60009765625,4791.788764781352,1827.821474962675,7930.214519538944
346,2025-05-20,5940.4599609375,4793.839060953955,1746.2777936559062,7915.220169990447
347,2025-05-21,5844.60986328125,4796.398447364346,1738.6619211789032,7931.936395362904
348,2025-05-22,5842.009765625,4798.887315359493,1805.5374924574724,7904.966939592299
